filename,chroma_stft,rmse,spectral_centroid,spectral_bandwidth,rolloff,zero_crossing_rate,mfcc1,mfcc2,mfcc3,mfcc4,mfcc5,mfcc6,mfcc7,mfcc8,mfcc9,mfcc10,mfcc11,mfcc12,mfcc13,mfcc14,mfcc15,mfcc16,mfcc17,mfcc18,mfcc19,mfcc20,cqt1,cqt2,cqt3,cqt4,cqt5,cqt6,cqt7,cqt8,cqt9,cqt10,cqt11,cqt12,cens1,cens2,cens3,cens4,cens5,cens6,cens7,cens8,cens9,cens10,cens11,cens12,cont1,cont2,cont3,cont4,cont5,cont6,cont7,spectram_flatness,tonnetz1,tonnetz2,tonnetz3,tonnetz4,tonnetz5,tonnetz6,label
0.5038049221038818,0.15239973366260529,2601.08725892521,2454.4917069296002,5308.334567893769,0.12842703898993807,-26.08053207397461,80.15608978271484,-16.488433837890625,37.52511978149414,2.4962029457092285,11.766213417053223,-2.516038179397583,9.074585914611816,-3.031409978866577,5.968504905700684,-0.5289821624755859,5.937838554382324,-4.429767608642578,-2.3846683502197266,-5.683621883392334,2.237523078918457,-6.951559066772461,3.579439401626587,-2.100816011428833,2.394123077392578,0.5318123698234558,0.4914432764053345,0.5851230621337891,0.5328296422958374,0.5159926414489746,0.5224506855010986,0.6995627880096436,0.5840530395507812,0.584499716758728,0.6379536986351013,0.49267059564590454,0.6157007217407227,0.26002810437105295,0.24312512431541553,0.28533231071077503,0.25801455744141466,0.25699809188258615,0.2540923855490337,0.3402428905757283,0.2786463146251669,0.2772339865607389,0.32119575105115683,0.23857741374409352,0.3035122291764847,18.353686602318575,12.781900663859098,15.405995411782397,14.711466183417922,14.772370939624114,16.039885261598535,32.927940467597345,0.043990422040224075,0.03662990572383345,-0.03129049778521122,0.012566968331533921,-0.02767991115578471,-0.015909703361136864,0.017098926607845233
