filename,chroma_stft,rmse,spectral_centroid,spectral_bandwidth,rolloff,zero_crossing_rate,mfcc1,mfcc2,mfcc3,mfcc4,mfcc5,mfcc6,mfcc7,mfcc8,mfcc9,mfcc10,mfcc11,mfcc12,mfcc13,mfcc14,mfcc15,mfcc16,mfcc17,mfcc18,mfcc19,mfcc20,cqt1,cqt2,cqt3,cqt4,cqt5,cqt6,cqt7,cqt8,cqt9,cqt10,cqt11,cqt12,cens1,cens2,cens3,cens4,cens5,cens6,cens7,cens8,cens9,cens10,cens11,cens12,cont1,cont2,cont3,cont4,cont5,cont6,cont7,spectram_flatness,tonnetz1,tonnetz2,tonnetz3,tonnetz4,tonnetz5,tonnetz6,label
aaa,0.22396866977214813,0.017889633774757385,1392.241242190412,1576.599104587156,2671.7338443909634,0.07039942313273993,-413.2008361816406,127.34081268310547,-9.986987113952637,21.953523635864258,-0.2709592580795288,-10.084816932678223,-0.24014461040496826,1.260009765625,-4.699502944946289,-0.43259716033935547,-5.128626346588135,-0.3773270845413208,6.130265712738037,5.614369869232178,3.3604257106781006,0.24915680289268494,2.375678777694702,9.088603973388672,3.926766872406006,0.14472484588623047,0.3324244022369385,0.4298521876335144,0.6810941696166992,0.41525694727897644,0.46674981713294983,0.5055032968521118,0.32597509026527405,0.3679819107055664,0.3041699230670929,0.5661338567733765,0.39282914996147156,0.2545015215873718,0.16128399145040961,0.24805022037094898,0.4200606441689904,0.25537927098400875,0.2715917442781679,0.30048154007171696,0.16705686461327204,0.19363997136356104,0.15238258571706503,0.3357768089837825,0.22710994051423256,0.1026144259053406,19.3718167382757,18.72507698521794,23.53600052054092,25.129193547112386,22.621497948986022,24.981692204032772,38.43344070412871,0.005442237015813589,0.08719542113269012,0.06828746588155436,-0.10099831899417601,-0.07164768988681856,-0.011807772746690856,-0.0040566880263505824
